{
    "f1": 0.11854966300233247,
    "dev_f1": 0.10369356559373773
}