{
    "f1": 0.30825185672936467,
    "dev_f1": 0.2565024043762151
}