{
    "f1": 0.2860357546541649,
    "dev_f1": 0.2665414414295113
}